obs_no,BallVr
1,-32.331476
2,-29.485839
3,-41.428282